user_input,retrieved_contexts,response,reference,faithfulness,answer_relevancy,context_precision,context_recall
자살 위기 신호는 어떤 것들이 있나요?,"['. “구체적인 위기개입에 대한 방향성이 필요하다. 자살위험이 있는 내담자가 상담소에 오면 정확히 일관적으로 어떻게 개입할 것인지? 만약에 내담자가 가족이나 친지가 없거나, 돈이 없어 병원으로 연계하기 힘들 때는 어떻게 개입할 것인지? 내담자가 주위 사람들에게 알리고 싶어 하지 않으면 어떻게 할 것인지? 경찰은 어떤 상황에 개입해야 하는지?”(사례 1, 41세)    3) 사회적 인식 이 영역은 자살예방과 개입의 효과성을 높이기 위해서는 사회적 인식이 달라져야 한다는 연구 참여자들의 제안과 관련된 내용으로 총 4개의 범주가 포함되었다. (1) 자살예방 교육의 의무화 연구 참여자들은 자살예방 교육의 의무화를 제안하면서 대학의 모든 구성원이 자살예방 교육에 참여해야 한다고 밝혔다', '. 자살은자살에대한생각, 자살방법계획, 자살시도, 자살시도로인한사망등의일련의과', '. 면접은 질적 연구 경험이 풍부한 연구자 1과 연구자 2가 실시하였고, 약 1시간에서 1시간 30분에 걸쳐 진행되었다.  표 2 심층면접 질문영역 질문인적사항 및 개인적 특성성별/나이/상담경력/자격증자살예방과 자살위기개입의 어려운 점자살예방과 자살 위기개입과 관련하여 어떠한 경험이 있습니까?자살예방과 관련하여 경험한 어려운 점은 무엇입니까?자살 위험이 있는 내담자와의 개입에서 경험한 어려운 점은 무엇입니까?자살예방과 자살위기개입의 향후 발전 방향 자살 예방의 효과성을 높이기 위해 필요한 것은 무엇이라고 생각하십니까?자 살위 기 개입 의  효 과성 을  높 이기  위 해  필 요한  것 은  무 엇이 라 고 생각 하 십니 까?3', '단상담프로그램개발. 연세대학교박사학위논문.조하, 신희천(2009). 생활사건스트레스가자살사고에미치는영향: 삶의의미의매개효과와조절효과. 한국심리학회지:상담및심리치료,21(3), 1011-1026.최윤정(2012). 대학생의스트레스와자살생각과의관계에작용하는보호요인의조절효과. 한국청소년연구,23(3), 77-104.충청투데이(2014, 11, 25). KAIST 학생또자살: 청년지식메카4년동안8명하늘로. http://www.cctoday.co.kr/?mod=news&act=articleView&idxno=869047 에서2015, 3, 4 자료얻음.통계청(2014). 2013년사망원인통계. 서울: 통계청', '. 아직 대학상담센터의 자살예방과 자살위기개입에 관한 연구가 거의 없었기 때문에 이러한 질적 연구방법을 통해 깊이 있게 대학상담센터 상담자들의 관련 경험을 탐색할 수 있으리라 판단하였다.  본 연구에서 설정한 연구문제는 다음과 같다. 첫째, 자살예방과 자살위기개입과 관련하여 대학상담센터 상담자들이 지각하는 어려움은 무엇인가? 둘째, 대학상담센터 상담자들이 제안하는 자살예방과 자살위기개입의 향후 발전 방향은 무엇인가? 본 연구는 국내에서는 처음으로 대학상담센터 상담자의 관점에서 자살예방과 자살위기개입에 부정적 영향을 미치는 문제점과 그에 대한 향후 발전 방향을 탐색했다는 데 그 의의가 있다', '. 실제로자살을실행에옮기는시도자들가운데60% 이상이자살시도를한그시점에우울했었다고보고되었다(Quinnett, 1987/ 2006). 대학생자살시도자를대상으로한연구에서도자살의가장큰위험요인으로지목되는것은우울과절망감이었으며(Furr et al, 2001) 우울이대학생자살생각에미치는영향', '. 더불어, 학생상담기관의 전문성 있는 자살 위기 개입은 상담자의 심리적 안정감을 전제로 한다. 자살 위기 가능성이 큰 내담자를 지속적으로 만나는 상담자들은 전문가로서 소명을 넘어서 심리적 어려움과 소진을 경험할 수 있다. 이와 같은 어려움을 경험할 때, 이를 잘 관리하지 않는다면, 내담자를 보호하기 어려울 뿐만 아니라 상담자 본인까지도 특정 위기 상황을 무의식적으로 피하려고 할 수 있다. 이에 학생상담기관 상담자가 자살 위기 대응 중 누구에게 어떤 도움을 요청할 수 있는지 알고 준비하고 있는 것은 중요하며(강이영, 2010; 최지영, 2014), 기존 연구를 통해 현재까지 논의되고 있는 주제 및 주의사항들을 고려하는 것이 필요하다', '정과세부요인들을포함하고있고, 심지어충동적인자살시도조차이런일련의과정을따라발생한다고알려져왔다(Barrios, Everett, Simon, & Brener, 2000). 이중특히자살생각은자살시도나자살수행전에발생되는전조단계로(하정희, 안성희, 2008), 자살계획이나시도보다더높은빈도율로나타나고있다(Fergusson, Woodward, & Horwood, 2000). 실제로20대청년들은다른성인들에비해서자살생각을하는비율이높고, 이는더높은비율의자살계획과시도로이어지는것으로나타났다(Crosby, Han, Ortega, Parks, & Gfroerer, 2011). 따라서대학생과대학원생의자살을예방하기위해서는개인이가지고있는자살생각을평가, 개입하는것이무엇보다중요할것이다.자살과관련된주요요인중하나는스트레스다']","자살 위기 신호는 여러 가지가 있을 수 있습니다. 일반적으로 자살에 대한 생각이나 계획, 자살 시도와 같은 행동이 포함됩니다. 특히, 우울감이나 절망감을 느끼는 경우가 많으며, 이러한 감정이 지속될 때 자살 위험이 높아질 수 있습니다. 

또한, 자살 생각이 자주 드는 경우, 주변 사람들과의 관계가 소원해지거나, 일상적인 활동에 대한 흥미를 잃는 경우도 신호로 볼 수 있습니다. 이러한 신호를 인지하는 것은 매우 중요하며, 혼자 감당하지 않도록 주변의 도움을 받는 것이 필요합니다. 

혹시 힘든 상황에 계시다면, 학교 상담센터나 자살 예방 상담전화(109), 정신건강 위기 상담전화(1577-0199)와 같은 전문적인 도움을 받는 것을 권장합니다. 당신의 소중한 삶을 위해 꼭 필요한 지원을 받을 수 있기를 바랍니다.

지금 많이 힘드시다면 혼자 견디지 않으셔도 괜찮아요. 학교 상담센터나 자살예방 상담전화(109)에 연락해 보시길 권해요. 24시간 운영되며, 정신건강 위기상담전화(1577-0199)도 이용할 수 있어요. 제가 도울 수 있는 부분이 있다면 더 이야기해 주세요.","자살 위기 신호는 다양한 형태로 나타날 수 있으며, 예를 들어 우울한 기분, 사회적 고립, 무기력감, 그리고 일상적인 활동에 대한 흥미 상실 등이 포함될 수 있습니다. 이러한 신호를 인식하는 것이 중요합니다.",0.8,0.0,0.20833333332291665,1.0
위기 개입 방법에는 어떤 것들이 있나요?,"['916_\x00인문사회21,\x00제13권4호요소간균형이무너지게된다.\x00인간의더나은삶을위한기술과학문의눈부신발전에도불구하고인간의삶은더없이분주해지고변화하는사회에적응하기위하여더많은것을학습하고생산하는노력을멈추지못한다.\x00이렇게내면을성찰하고존재의의미를구성해나가는물리적･정신적에너지가모두고갈된상태의개인은삶의의미를잃어간다.\x00“나는누구인가”에관한본질적인질문에대하여자아정체성의문제를겪고있는현대인은자신과정신적으로관계하는능력에서도타인과인간적관계를맺고소통하며의미있게삶을이끌어가는능력에서도어려움을보인다(김정현,\x002013).\x00이처럼자신을성찰하고돌봐야할필요성을느끼면서도이를실천하지못하거나혹은아예이를인식하지못하고외면한시간이누적되어번아웃에이르게되면개인은다양한차원에서손상된자기를발견하고자기상실감을겪게된다.\x00성취와성과만이남은삶에서겪게되는자기를잃어버린것만같은자기상실감은삶의의미에도혼돈을미치며건강한개인의삶을심각하게위협하게된다.3.\x00번아웃개입의필요성번아웃은급성으로나타나는일시적이고강렬한증상이아니므로오히려이를심각하게인식하고적극적으로회복하려는시도와노력을하기어려운면이있다.\x00따라서번아웃의회복과개입을위해서는의도적이고적극적인개입이마련되어야한다.일반적으로자기돌봄(self-care)은개인이자신의삶,\x00신체적정신적건강과안녕을유지하기위해서자신', '. “구체적인 위기개입에 대한 방향성이 필요하다. 자살위험이 있는 내담자가 상담소에 오면 정확히 일관적으로 어떻게 개입할 것인지? 만약에 내담자가 가족이나 친지가 없거나, 돈이 없어 병원으로 연계하기 힘들 때는 어떻게 개입할 것인지? 내담자가 주위 사람들에게 알리고 싶어 하지 않으면 어떻게 할 것인지? 경찰은 어떤 상황에 개입해야 하는지?”(사례 1, 41세)    3) 사회적 인식 이 영역은 자살예방과 개입의 효과성을 높이기 위해서는 사회적 인식이 달라져야 한다는 연구 참여자들의 제안과 관련된 내용으로 총 4개의 범주가 포함되었다. (1) 자살예방 교육의 의무화 연구 참여자들은 자살예방 교육의 의무화를 제안하면서 대학의 모든 구성원이 자살예방 교육에 참여해야 한다고 밝혔다', '연 도9803050708091011121314151617181920212223합 계예 방 교 육\u3000\u30001\u30001\u30001136472345324148예 방 교 육/위 기 개 입\u3000111\u3000\u3000\u3000\u30001\u3000\u300023\u30001\u3000111114위 기 개 입\u3000\u3000\u3000\u3000\u30001\u3000211\u3000\u30002\u3000\u300021\u3000\u3000\u300010예 방/위 기 개 입/사 후 관 리/연 계1\u3000\u3000\u3000\u3000\u300011\u30001212\u3000\u3000\u300011\u3000112사 후 관 리\u3000\u3000\u3000\u3000\u3000\u3000\u3000\u3000\u3000\u300011\u3000\u3000\u30001\u3000\u3000\u300014총 합 계11211124587128358645488\n<표 5> 자살위기 개입 절차에 따른 분류', '. 아직 대학상담센터의 자살예방과 자살위기개입에 관한 연구가 거의 없었기 때문에 이러한 질적 연구방법을 통해 깊이 있게 대학상담센터 상담자들의 관련 경험을 탐색할 수 있으리라 판단하였다.  본 연구에서 설정한 연구문제는 다음과 같다. 첫째, 자살예방과 자살위기개입과 관련하여 대학상담센터 상담자들이 지각하는 어려움은 무엇인가? 둘째, 대학상담센터 상담자들이 제안하는 자살예방과 자살위기개입의 향후 발전 방향은 무엇인가? 본 연구는 국내에서는 처음으로 대학상담센터 상담자의 관점에서 자살예방과 자살위기개입에 부정적 영향을 미치는 문제점과 그에 대한 향후 발전 방향을 탐색했다는 데 그 의의가 있다', '. 개입하면서도 이게 최선의 방법일까? 이렇게 하는 것이 맞나? 정답이 없으니. 계속 나의 개입방법이 의심스럽고 고민이 많아지고”(사례 11, 39세) (2) 미흡한‘자살’ 교육과 훈련연구 참여자들은 대학원 수업이나 슈퍼비전에서 자살 사고 탐색 및 자살 위기개입에 대한 체계적인 교육을 받지 못했다고 보고하였다. 참여자들은 학회 워크숍을 통해 자살 예방 교육을 받기도 하지만 학회 워크숍에서 다루는 내용이 너무 일반적이거나 대학상담센터 상황에 맞지 않아 어려움이 있다고 보고하였다. “체계적인 교육 훈련이 부족한 거 같아요. 대학원 수업에서도 자살관련 문제는 거의 다루어지지 않아요...(중략)...우리 센터 선생님들은 개인적으로 학회 워크숍에서 자살개입에 대한 훈련을 받는 걸로 알고 있습니다', '. 면접은 질적 연구 경험이 풍부한 연구자 1과 연구자 2가 실시하였고, 약 1시간에서 1시간 30분에 걸쳐 진행되었다.  표 2 심층면접 질문영역 질문인적사항 및 개인적 특성성별/나이/상담경력/자격증자살예방과 자살위기개입의 어려운 점자살예방과 자살 위기개입과 관련하여 어떠한 경험이 있습니까?자살예방과 관련하여 경험한 어려운 점은 무엇입니까?자살 위험이 있는 내담자와의 개입에서 경험한 어려운 점은 무엇입니까?자살예방과 자살위기개입의 향후 발전 방향 자살 예방의 효과성을 높이기 위해 필요한 것은 무엇이라고 생각하십니까?자 살위 기 개입 의  효 과성 을  높 이기  위 해  필 요한  것 은  무 엇이 라 고 생각 하 십니 까?3', '한국형 번아웃 증후군 형성과정 및 대처방안에 관한 근거이론적 접근  167\n5) 작용/상호작용 전략\n작용/상호작용 전략은 중심현상을 완화시키는 사건들로 구성되었고, 본 연구에서 작용 /상호작\n용 전략의 상위범주는 ‘자신과의 교감 ’으로 구성되었다. 자신과의 교감은 ‘자아실현을 위한 노력’, \n‘결심’, ‘이완’, ‘이해’으로 하위범주가 구성되어 있다. 자아실현을 위한 노력은 ‘전문성 향상을 위\n한 자기계발 ’, ‘필요성 절감에 다 른 공부 ’와 같은 개념어가 있다. \n결심은 ‘좌절감을 이김’, ‘강한 의지 ’, ‘초심 상기 ’, ‘직무애착 상기’, ‘직무에 대한 자부심 상기 ’, \n‘문제해결 ･원인제거에 대한 강한 의지 ’와 같은 개념어가 있다. 이완은 ‘긴장이완’, ‘주변인 의식에\n서 해방 ’, ‘목적지향적 행위 이 완’, ‘본인만의 철학 설정 ’, ‘과도한 경쟁심 이완’, ‘숨고르기’, ‘정체\n성 점검’과 같은 개념어가 있다. 이해는 ‘상관을 이해하기 위한 노력’, ‘고객을 이해하기 위한 노\n력’, ‘동료의 민감성을 이해하기 위한 노력’과 같은 개념어가 있다.\n6) 결과']","죄송하지만, 제공된 참고 문서에는 구체적인 위기 개입 방법에 대한 내용이 포함되어 있지 않습니다. 위기 개입에 대한 더 자세한 정보가 필요하시다면 전문가와 상담하는 것이 좋습니다. 필요할 경우, 자살 예방이나 위기 개입에 대한 교육을 받는 것도 도움이 될 수 있습니다.

참고: 위 내용은 제공된 자료로 충분히 뒷받침되지 않을 수 있어요. 중요한 결정이나 증상 판단은 전문가와 상의해 주세요.","위기 개입 방법은 다양한 접근 방식을 포함하며, 주로 감정적 지원, 안전한 환경 조성, 그리고 문제 해결을 위한 구체적인 전략을 제공하는 데 중점을 둡니다.",0.6,0.0,0.49999999995,1.0
대학생들이 상담을 받을 때 어떤 문제들이 주로 다뤄지나요?,"['. 개입하면서도 이게 최선의 방법일까? 이렇게 하는 것이 맞나? 정답이 없으니. 계속 나의 개입방법이 의심스럽고 고민이 많아지고”(사례 11, 39세) (2) 미흡한‘자살’ 교육과 훈련연구 참여자들은 대학원 수업이나 슈퍼비전에서 자살 사고 탐색 및 자살 위기개입에 대한 체계적인 교육을 받지 못했다고 보고하였다. 참여자들은 학회 워크숍을 통해 자살 예방 교육을 받기도 하지만 학회 워크숍에서 다루는 내용이 너무 일반적이거나 대학상담센터 상황에 맞지 않아 어려움이 있다고 보고하였다. “체계적인 교육 훈련이 부족한 거 같아요. 대학원 수업에서도 자살관련 문제는 거의 다루어지지 않아요...(중략)...우리 센터 선생님들은 개인적으로 학회 워크숍에서 자살개입에 대한 훈련을 받는 걸로 알고 있습니다', '. 그에 비해 대학생들은 10회기 전후의 단기 상담으로 충분히 다뤄질 수 있다고 주장하기 어려울 만큼 다양한 어려움을 가지고 학생상담기관을 찾는다. 대학생들은 대학 생활 적응 및 학업 성취를 이루는 과정에서 자신의 정체성을 확립하고 본격적으로 이성 관계 탐색을 해나간다. 즉, 대학생들은 대학교 졸업 후 정서적 성숙 과정, 경제적 독립 과정에 대한 압박감을 경험하며, 자기만의 방식으로 새로운 도전과 실패 속에서 좌절 및 스트레스를 경험할 수 있다', '. “구체적인 위기개입에 대한 방향성이 필요하다. 자살위험이 있는 내담자가 상담소에 오면 정확히 일관적으로 어떻게 개입할 것인지? 만약에 내담자가 가족이나 친지가 없거나, 돈이 없어 병원으로 연계하기 힘들 때는 어떻게 개입할 것인지? 내담자가 주위 사람들에게 알리고 싶어 하지 않으면 어떻게 할 것인지? 경찰은 어떤 상황에 개입해야 하는지?”(사례 1, 41세)    3) 사회적 인식 이 영역은 자살예방과 개입의 효과성을 높이기 위해서는 사회적 인식이 달라져야 한다는 연구 참여자들의 제안과 관련된 내용으로 총 4개의 범주가 포함되었다. (1) 자살예방 교육의 의무화 연구 참여자들은 자살예방 교육의 의무화를 제안하면서 대학의 모든 구성원이 자살예방 교육에 참여해야 한다고 밝혔다', '. 이때 대학생들은 좀 더 전문적 도움을 요청하기 위해 가족이나 가까운 교우보다는 학생상담기관을 방문하게 되며, 특정 기질적 어려움이나 가정에서의 문제로 고통을 지속적으로 경험한 경우 내담자의 호소 문제 또한 복합적 어려움을 포함하게 되며 단기 상담으로 대응하기에 부족할 수 있다. 대학상담기관의 경우 자살예방센터, 정신건강복지센터 등 자살 예방 및 대응을 전담으로 하는 기관과는 설립 목적 및 운영 내용이 다르지만, 상당히 많은 상담자들이 내담자의 자살사고 및 자살 행동을 경험하고 있다', '. 이혜선등(2012)의연구에서도대학생들이자살생각이있으나자살을선택하지않은중요한이유로‘가족과친구들에대한걱정’ 및‘지지해주는사람이있음’을꼽았다. 이를종합해볼때사회적지지중특히부모로부터받는지지는친구와교수로부터받는지지에비해상대적으로자살에대해더강력한보호요인으로작용하기때문에심한스트레스상황에놓인대학생들이부모로부터위로, 격려, 도움을받을수있다면이들의자살생각을직접적으로낮추는데도움이될것으로보인다.본연구가갖는의의와상담에시사할수있는점들은다음과같다.첫째, 본연구는스트레스와자살생각간의관계에서보호요인으로사회적지지를부모, 친구, 교수지지로구분해살펴보고, 위험요인으로우울과실수염려완벽주의를설정하', '. 게다가 해외 대학에서는 심리상담센터, 진로상담센터, 양성평등기관 등이 독립된 기관으로 해당 전문 서비스를 제공하고 있지만, 국내 대학상담센터의 경우 심리상담 외에도 성폭력 상담과 예방, 진로상담, 취업지원, 대학생활 만족도 조사 등의 다양한 업무를 수행하고 있다(이제경, 2002). 이로 인해 상담자들은 주 업무인 상담보다는 행정업무, 문서작업, 교육, 행사, 연구, 자문 등의 업무를 수행해야 하고(김수현, 2012), 결과적으로 대학상담센터의 주 역할인 심리상담은 축소화되고 효과적인 자살예방교육은 제대로 이루어지지 않고 있다(손은령 등, 2013). 한편 내담자의 자살사고, 자살 충동, 자살시도 등은 상담자의 직무 스트레스와 심리적 소진에 지대한 영향을 미친다', '. 아직 대학상담센터의 자살예방과 자살위기개입에 관한 연구가 거의 없었기 때문에 이러한 질적 연구방법을 통해 깊이 있게 대학상담센터 상담자들의 관련 경험을 탐색할 수 있으리라 판단하였다.  본 연구에서 설정한 연구문제는 다음과 같다. 첫째, 자살예방과 자살위기개입과 관련하여 대학상담센터 상담자들이 지각하는 어려움은 무엇인가? 둘째, 대학상담센터 상담자들이 제안하는 자살예방과 자살위기개입의 향후 발전 방향은 무엇인가? 본 연구는 국내에서는 처음으로 대학상담센터 상담자의 관점에서 자살예방과 자살위기개입에 부정적 영향을 미치는 문제점과 그에 대한 향후 발전 방향을 탐색했다는 데 그 의의가 있다', 'Ⅰ. 서  론대학생은 발달상 청소년기에서 성인기로 전환되는 과도기 단계에 있으므로 다양한 스트레스(예. 학업, 대학생활 적응, 학비 부담, 진로계획, 취업 준비, 대인관계, 가족 간의 갈등)를 경험한다(이선혜, 2002). 더욱이 ‘일등 신드롬’, ‘학벌 중심’, ‘외모지상주의’, ‘과도한 경쟁’, ‘성취 주의’, ‘물질만능주의’, ‘청년 실업난’ 등과 같은 한국의 사회적 분위기는 이들의 스트레스를 가중하고 있다(조계화, 이현지, 2013). 이로 인해 대학생들의 심리적 문제가 심각해지고, 이러한 과정에서 예전에는 보기 힘들었던 자살, 자해행동, 섭식장애, 성격장애 등의 심각한 정신질환이 대학 캠퍼스에서 관찰되고 있다(이영은, 차영은, 민경화, 2013)']","대학생들이 상담을 받을 때 주로 다루는 문제들은 다양합니다. 이들은 주로 학업, 대학 생활 적응, 진로 계획, 취업 준비, 대인 관계, 그리고 가족 간의 갈등과 같은 스트레스 요인들입니다. 또한, '일등 신드롬', '학벌 중심', '외모지상주의'와 같은 사회적 분위기 때문에 이들이 경험하는 스트레스가 더욱 가중되고 있습니다. 이러한 다양한 어려움은 대학생들이 심리적 문제를 겪게 만들고, 때로는 자살, 자해 행동, 섭식 장애와 같은 심각한 정신 건강 문제로 이어질 수 있습니다. 상담을 통해 이러한 문제들을 다루고, 필요한 지원을 받을 수 있는 기회를 갖는 것이 중요합니다.","대학생들은 면심리적 문제, 이성 문제, 가족 문제, 진로 및 취업 문제, 경제 문제와 관련된 스트레스를 경험하며, 이러한 문제들이 상담에서 주로 다뤄질 수 있습니다.",0.75,0.8375401173149398,0.5783333333217666,1.0
번아웃이란 무엇인가요?,"['914_\x00인문사회21,\x00제13권4호자이자정신분석가인Freudenberger(1974)의논문에서처음사용되었다.\x00그는뉴욕의한무료진료소에서약물중독자를위해일하던중환자뿐아니라의료진또한중독자와같은정신적신체적탈진증상을겪는다는것을발견하였다.\x00중독자를돌보는의료진들은지나친노동,\x00지나친이상주의,\x00지나친자기헌신에매몰되어있었는데의료진의번아웃또한중독환자의경우처럼과도하고지나친것에서온다는발견이었다.\x00Freudenberger(1974)는이러한개인의특별한피폐상태에대해정신건강과번아웃이라는용어를사용하여설명하였고이는적극적인공감을얻었다.\x00Maslach\x00&\x00Jackson(1981)은조력직종에서대인관련일을하는개인이만성적이고감정적인대인관계상의스트레스요인으로인하여번아웃이나타나는것으로보고번아웃을3개차원으로설명하였다.\x00번아웃의3개차원은정서적고갈(emotional\x00exhaustion),\x00비인간화(depersonalization),\x00개인적성취감감소(reduced\x00personal\x00accomplishment)로가장널리사용되는개념이다.\x00번아웃의첫번째현상인정서적고갈은자신이일로인해지쳤다는느낌을갖고정신적으로과부하됨을느끼면서다른일이나사람을대할때그에쏟을에너지가부족하여정서적인부담감을느끼고감정이고갈되어있는상태를뜻한다.\x00정서적고갈', '. 아직 대학상담센터의 자살예방과 자살위기개입에 관한 연구가 거의 없었기 때문에 이러한 질적 연구방법을 통해 깊이 있게 대학상담센터 상담자들의 관련 경험을 탐색할 수 있으리라 판단하였다.  본 연구에서 설정한 연구문제는 다음과 같다. 첫째, 자살예방과 자살위기개입과 관련하여 대학상담센터 상담자들이 지각하는 어려움은 무엇인가? 둘째, 대학상담센터 상담자들이 제안하는 자살예방과 자살위기개입의 향후 발전 방향은 무엇인가? 본 연구는 국내에서는 처음으로 대학상담센터 상담자의 관점에서 자살예방과 자살위기개입에 부정적 영향을 미치는 문제점과 그에 대한 향후 발전 방향을 탐색했다는 데 그 의의가 있다', 'Ⅰ. 서론\n번아웃 증후군은 세계보건기구(World Health Organization; 이하 WHO, 2016)의 건강 및 질\n병 관련 문제의 국제 통계 분류 10차 재개정판( International Statistical Classification of \nDiseases and Related Health Problems 10th Revision-WHO Version for 2 0 1 6 :  이 하  \nICD-10-V-2016)1)에서 규정된 질병 중에 하나이다. 이와 같은 번아웃 증후군에 대해서 서구권\n* 이 논문은 2016년 대한민국 교육부와 한국연구재단의 지원을 받아 수행된 연구임(NRF-2016S1A5A2A03927391).\n** 주저자, psj@inha.ac.kr\n*** 교신저자, loisir@inha.ac.kr\n**** 공동저자, lee4146@inha.ac.kr\n***** 공동저자, bongsup1@gmail.com\n****** 공동저자, oxy59j@hanmail.net\n******* 공동저자, doyouny8@inha.ac.kr\n******** 공동저자, wlb4u@naver.com', '. 면접은 질적 연구 경험이 풍부한 연구자 1과 연구자 2가 실시하였고, 약 1시간에서 1시간 30분에 걸쳐 진행되었다.  표 2 심층면접 질문영역 질문인적사항 및 개인적 특성성별/나이/상담경력/자격증자살예방과 자살위기개입의 어려운 점자살예방과 자살 위기개입과 관련하여 어떠한 경험이 있습니까?자살예방과 관련하여 경험한 어려운 점은 무엇입니까?자살 위험이 있는 내담자와의 개입에서 경험한 어려운 점은 무엇입니까?자살예방과 자살위기개입의 향후 발전 방향 자살 예방의 효과성을 높이기 위해 필요한 것은 무엇이라고 생각하십니까?자 살위 기 개입 의  효 과성 을  높 이기  위 해  필 요한  것 은  무 엇이 라 고 생각 하 십니 까?3', '. 참여자들은 대학생들이 자신의 생명은 물론 타인의 생명 즉 인간 생명에 대한 존중 의식이 부족하며 자살을 너무 쉽게 생각하는 경향이 있다고 하였다. 또한, 교수, 대학 본부 및 행정가들도 ‘설마 자살을 하겠어?’ 라는 자살에 대한 안이한 태도가 있어 자살문제를 심각하게 받아들이지 않는다고 보고하였다.    “물론 아 나 죽고 싶어 이런 말을 하는 내담자들은 있지만. 그런 말. 우리나라 사람들은 그냥 힘들면 그런 말을 하잖아요. 아 나 죽고 싶어. 그래서 누군가 그런 말 하면 (주위에서) 그냥 그런 정도로만 받아들이지 심각하게 받아들이지 않고요. 그러니까 학교에서도 교수님들이 학생들이 그런 말 하면 그냥 혼내시거나 아니면 별거 아니라고 치부해버리니까', '. “상담의 시간을 늘리고 빈도수를 늘리고. 근데 이렇게 자주 만나는 것이 ok할까? 구체적으로 가이드라인이 없으니. 일반적으로 그런 것이 없으니 불안하고 어려워요. 큰 그림은 있는데, 1, 2, 3 단계별로 어떻게 무엇을 해야 하는지 알려주는 가이드라인이 없다. 그러니까 맨땅에 헤딩해야 하는 거지요', '번아웃 증후군의 조작적 정의에 관한 체계적 문헌고찰  303\nno. 1저자 연도 no. 1저자 연도 no. 1저자 연도 no. 1저자 연도\n1 이인석 2007 25 김현철 2011 49 이원일 2014 73 김도영 2015\n2 이지영 2007 26 정은미 2011 50 이홍연 2014 74 하시연 2015\n3 김성은 2007 27 오정학 2011 51 김해룡 2014 75 황현희 2015\n4 박동수 2007 28 염영배 2012 52 김학수 2014 76 이형우 2015\n5 용홍출 2008 29 이은진 2012 53 이나현 2014 77 장은비 2015\n6 김영조 2008 30 박선영 2012 54 조주연 2014 78 김미숙 2015\n7 이선령 2008 31 윤혜미 2012 55 이정선 2014 79 인성호 2015\n8 소영호 2009 32 차선경 2012 56 안도희 2014 80 백보현 2015\n9 고종식 2010 33 이미라 2012 57 조주연 2014 81 손일락 2015\n10 김진주 2010 34 한광현 2012 58 서정훈 2014 82 이철진 2015\n11 이채식 2010 35 김태성 2012 59 조완행 2014 83 김서용 2015']","번아웃은 주로 조력직종에서 발생하는 만성적이고 감정적인 대인관계상의 스트레스로 인해 나타나는 상태를 말합니다. 이는 주로 세 가지 차원으로 설명되는데, 첫째는 정서적 고갈로, 이는 일로 인해 정신적으로 지치고 에너지가 부족해지는 상태를 의미합니다. 둘째는 비인간화로, 이는 타인에 대한 감정이 무뎌지거나 소외감을 느끼는 것을 말합니다. 마지막으로 개인적 성취감 감소는 자신의 성과에 대한 만족감이 줄어드는 것을 의미합니다. 번아웃은 개인의 정신적, 신체적 건강에 영향을 미칠 수 있으므로, 이를 예방하고 관리하는 것이 중요합니다.","번아웃은 일에서의 지속적인 스트레스와 압박감으로 인해 발생하는 심리적, 정서적 탈진 상태를 의미합니다. 이는 개인이 목표와 성과를 향해 달려가다가 자신의 정신적, 정서적 자원을 소진하게 되는 과정을 포함합니다.",0.8,1.0,0.8333333332916666,1.0
번아웃의 원인은 무엇인가요?,"['. 면접은 질적 연구 경험이 풍부한 연구자 1과 연구자 2가 실시하였고, 약 1시간에서 1시간 30분에 걸쳐 진행되었다.  표 2 심층면접 질문영역 질문인적사항 및 개인적 특성성별/나이/상담경력/자격증자살예방과 자살위기개입의 어려운 점자살예방과 자살 위기개입과 관련하여 어떠한 경험이 있습니까?자살예방과 관련하여 경험한 어려운 점은 무엇입니까?자살 위험이 있는 내담자와의 개입에서 경험한 어려운 점은 무엇입니까?자살예방과 자살위기개입의 향후 발전 방향 자살 예방의 효과성을 높이기 위해 필요한 것은 무엇이라고 생각하십니까?자 살위 기 개입 의  효 과성 을  높 이기  위 해  필 요한  것 은  무 엇이 라 고 생각 하 십니 까?3', 'Ⅰ. 서론\n번아웃 증후군은 세계보건기구(World Health Organization; 이하 WHO, 2016)의 건강 및 질\n병 관련 문제의 국제 통계 분류 10차 재개정판( International Statistical Classification of \nDiseases and Related Health Problems 10th Revision-WHO Version for 2 0 1 6 :  이 하  \nICD-10-V-2016)1)에서 규정된 질병 중에 하나이다. 이와 같은 번아웃 증후군에 대해서 서구권\n* 이 논문은 2016년 대한민국 교육부와 한국연구재단의 지원을 받아 수행된 연구임(NRF-2016S1A5A2A03927391).\n** 주저자, psj@inha.ac.kr\n*** 교신저자, loisir@inha.ac.kr\n**** 공동저자, lee4146@inha.ac.kr\n***** 공동저자, bongsup1@gmail.com\n****** 공동저자, oxy59j@hanmail.net\n******* 공동저자, doyouny8@inha.ac.kr\n******** 공동저자, wlb4u@naver.com', '. 아직 대학상담센터의 자살예방과 자살위기개입에 관한 연구가 거의 없었기 때문에 이러한 질적 연구방법을 통해 깊이 있게 대학상담센터 상담자들의 관련 경험을 탐색할 수 있으리라 판단하였다.  본 연구에서 설정한 연구문제는 다음과 같다. 첫째, 자살예방과 자살위기개입과 관련하여 대학상담센터 상담자들이 지각하는 어려움은 무엇인가? 둘째, 대학상담센터 상담자들이 제안하는 자살예방과 자살위기개입의 향후 발전 방향은 무엇인가? 본 연구는 국내에서는 처음으로 대학상담센터 상담자의 관점에서 자살예방과 자살위기개입에 부정적 영향을 미치는 문제점과 그에 대한 향후 발전 방향을 탐색했다는 데 그 의의가 있다', '번아웃 증후군의 조작적 정의에 관한 체계적 문헌고찰  299\n증상이 나타나기 시작되면 점진적⋅지속적으로 촉진되기 때문에 회복이 어려운 질\n병과 같으며(Maslach, Jackson, Leiter, Schaufeli, & Schwab, 2001), 다른 사람\n에게로 쉽게 확산⋅전이될 우려가 있다(Cordes & Dougherty, 1993). 이와 같은 \n번아웃 증후군 특징으로 인한 폐해는 스트레스, 불안, 우울(임지윤, 도승이, 2014)은 \n물론 자살(성희자, 권현수, 2013)로까지 이어지고, 번아웃 증후군 확산⋅전이성의 \n특징에 따라 개인적⋅조직적 차원의 문제를 넘어 사회경제적 손실비용 증가 등의 \n사회전반에 심각한 영향을 미치며, 사회안전 위협요인으로까지 분류된다.\n번아웃 증후군 관련 국외 선행연구를 살펴보면 번아웃 증후군의 원인 규명에 대\n한 연구(Cordes, et al., 1993; Iverson, Olekalns & Erwin, 1998), 번아웃 증후\n군과 직무스트레스와의 관계(Beehr & Newman, 1978; Sand & Miyazaki, 2000;', '. 참여자들은 대학생들이 자신의 생명은 물론 타인의 생명 즉 인간 생명에 대한 존중 의식이 부족하며 자살을 너무 쉽게 생각하는 경향이 있다고 하였다. 또한, 교수, 대학 본부 및 행정가들도 ‘설마 자살을 하겠어?’ 라는 자살에 대한 안이한 태도가 있어 자살문제를 심각하게 받아들이지 않는다고 보고하였다.    “물론 아 나 죽고 싶어 이런 말을 하는 내담자들은 있지만. 그런 말. 우리나라 사람들은 그냥 힘들면 그런 말을 하잖아요. 아 나 죽고 싶어. 그래서 누군가 그런 말 하면 (주위에서) 그냥 그런 정도로만 받아들이지 심각하게 받아들이지 않고요. 그러니까 학교에서도 교수님들이 학생들이 그런 말 하면 그냥 혼내시거나 아니면 별거 아니라고 치부해버리니까', '번아웃 증후군의 조작적 정의에 관한 체계적 문헌고찰  303\nno. 1저자 연도 no. 1저자 연도 no. 1저자 연도 no. 1저자 연도\n1 이인석 2007 25 김현철 2011 49 이원일 2014 73 김도영 2015\n2 이지영 2007 26 정은미 2011 50 이홍연 2014 74 하시연 2015\n3 김성은 2007 27 오정학 2011 51 김해룡 2014 75 황현희 2015\n4 박동수 2007 28 염영배 2012 52 김학수 2014 76 이형우 2015\n5 용홍출 2008 29 이은진 2012 53 이나현 2014 77 장은비 2015\n6 김영조 2008 30 박선영 2012 54 조주연 2014 78 김미숙 2015\n7 이선령 2008 31 윤혜미 2012 55 이정선 2014 79 인성호 2015\n8 소영호 2009 32 차선경 2012 56 안도희 2014 80 백보현 2015\n9 고종식 2010 33 이미라 2012 57 조주연 2014 81 손일락 2015\n10 김진주 2010 34 한광현 2012 58 서정훈 2014 82 이철진 2015\n11 이채식 2010 35 김태성 2012 59 조완행 2014 83 김서용 2015', '. “상담의 시간을 늘리고 빈도수를 늘리고. 근데 이렇게 자주 만나는 것이 ok할까? 구체적으로 가이드라인이 없으니. 일반적으로 그런 것이 없으니 불안하고 어려워요. 큰 그림은 있는데, 1, 2, 3 단계별로 어떻게 무엇을 해야 하는지 알려주는 가이드라인이 없다. 그러니까 맨땅에 헤딩해야 하는 거지요', '914_\x00인문사회21,\x00제13권4호자이자정신분석가인Freudenberger(1974)의논문에서처음사용되었다.\x00그는뉴욕의한무료진료소에서약물중독자를위해일하던중환자뿐아니라의료진또한중독자와같은정신적신체적탈진증상을겪는다는것을발견하였다.\x00중독자를돌보는의료진들은지나친노동,\x00지나친이상주의,\x00지나친자기헌신에매몰되어있었는데의료진의번아웃또한중독환자의경우처럼과도하고지나친것에서온다는발견이었다.\x00Freudenberger(1974)는이러한개인의특별한피폐상태에대해정신건강과번아웃이라는용어를사용하여설명하였고이는적극적인공감을얻었다.\x00Maslach\x00&\x00Jackson(1981)은조력직종에서대인관련일을하는개인이만성적이고감정적인대인관계상의스트레스요인으로인하여번아웃이나타나는것으로보고번아웃을3개차원으로설명하였다.\x00번아웃의3개차원은정서적고갈(emotional\x00exhaustion),\x00비인간화(depersonalization),\x00개인적성취감감소(reduced\x00personal\x00accomplishment)로가장널리사용되는개념이다.\x00번아웃의첫번째현상인정서적고갈은자신이일로인해지쳤다는느낌을갖고정신적으로과부하됨을느끼면서다른일이나사람을대할때그에쏟을에너지가부족하여정서적인부담감을느끼고감정이고갈되어있는상태를뜻한다.\x00정서적고갈']","번아웃의 원인은 여러 가지가 있으며, 주로 직무 스트레스와 관련이 깊습니다. 특히, 과도한 업무량, 높은 기대치, 감정적으로 힘든 대인 관계 등이 주요 원인으로 지목됩니다. 또한, 개인의 지나친 헌신이나 이상주의, 그리고 지원 부족과 같은 환경적 요인도 번아웃을 촉진할 수 있습니다. 이러한 요인들은 개인의 정서적 고갈, 비인간화, 개인적 성취감 감소와 같은 번아웃의 주요 증상으로 이어질 수 있습니다. 

번아웃을 예방하고 회복하기 위해서는 적절한 휴식과 자기 관리, 그리고 지원 체계의 구축이 중요합니다. 필요하다면 전문가의 상담을 받는 것도 좋은 방법입니다.","번아웃의 원인으로는 직무 자율성 부족, 과도한 경쟁, 엄격한 조직문화, 업무 관행, 권위주의적 업무 환경 등이 있습니다. 또한, 과다한 업무와 정시 퇴근 불가와 같은 업무 특성도 중요한 위험 요인으로 작용할 수 있습니다.",1.0,0.7436242934425865,0.2499999999875,1.0
완벽주의가 번아웃에 어떤 영향을 미칠까요?,"['그러나번아웃을정책과제도수립으로완전히해결할수있다고기대하는것또한어렵다.번아웃에서벗어나기위한개인의노력은사회적분위기에편승해서도나타났다.\x00죽도록일하는인간으로써생산하고기능하는것이아니라시간과신체･정신에너지를균형있게분', '여환홍, 백용매(2010). 경계선적성격특성, 부적응적완벽주의및우울이자살관련행동에미치는영향. 한국심리학회지:임상,29(4), 1047-1066.연합뉴스(2011, 4, 11). 대학생자살연230명. 심리상담강화추진. http://www. yonhapnews.co.kr/bulletin/2011/04/11/0200000000AKR20110411103900004.HTML?did=1179m 에서2014, 11, 25 자료얻음.유상미, 이승연(2008). 대학생의스트레스, 부적응적완벽주의, 자살사고의관계: 사회적문제해결능력과애착유형의조절효과중심으로. 한국심리학회지:학교,5(2), 119- 136.이윤주(2009). 가족지지, 부모와의의사소통및친밀감이중고등학생의자살행동에미치는영향', '. 이처럼 회복탄력성에 관한 연구는 활발히 진행되고 있지만, 회복탄력성이 대학 태권도 겨루기 선수들의 번아웃과 학습태도에 어떤 영향을 미치는지에 대한 연구는 미흡한 실정이다. 대학 태권도 선수에게 직접적인 영향을 줄 수 있는 회복탄력성과 번아웃 그리고 학습태도의 관계를 검증하는 것은 대학 태권도 선수들의 경기력과 원만한 대학 생활 중 신체적·정신적 위기 극복이라는 측면에서 큰 의미가 부여될 것으로 기대된다.따라서 본 연구는 학업과 운동을 동시에 수행해야 하는 대학 태권도 선수들의 회복탄력성이 번아웃과 학습태도에 어떤 영향이 있는지 규명하는 것에 연구의 목적이 있다. 본 연구에서는 대학 태권도선수들의 회복탄력성과 번아웃 및 학습태도의 관계를 규명하기 위해 다음과 같은 가설을 설정하였다.가설 1. 회복탄력성은 번아웃에 부(-)적 영향을 미칠 것이다.가설 2. 회복탄력성은 학습태도에 정(+)적 영향을 미칠 것이다.가설 3. 번아웃은 학습태도에 부(-)적 영향을 미칠 것이다.', "". 개인의완벽주의성향은스트레스사건에더민감하게반응하여더쉽게우울하게만들며(Blatt, 1995; Hewitt & Flett, 1993), 자살생각에부정적인영향을미치는것으로알려져왔다(Chang, 1998; Flett, Hewitt, & Heisel, 2014; Hewitt, Flett, & Weber, 1994; O'connor, 2007). 이중에서도특히‘실수에대한염려(concern over mistake)’가자살생각과가장관련이높다고보고되고있다(Adkins & Parker, 1996).‘실수염려완벽주의’는실수를실패와동등하게해석하고실수를하면타인으로부터거부나비난을받을것이라고생각하는경향으로정의된다(Frost, Marten, Lahart, & Rosenblate, 1990). 실수에대한염려가높은완벽주의자들"", '. 최근국내연구에서도부적응적완벽주의가우울을통해간접적으로자살생각에영향을미치는것으로나타났다(여환홍, 백용매, 2010). 이를종합해보면실수염려완벽주의가우울을통해스트레스와자살생각간의관계에영향을미칠가능성이크다고가정할수있다.사회적지지Cobb(1976, p.300)은사회적지지를“개인으로하여금보살핌과사랑을받고있다고믿게하고자기자신이귀하고가치있으며의사전달과상호의무의조직망(network)에소속되어있다고믿게하는정보”라고정의하였다. 다른사람에게서지지를많이받는다고지각하는사람은그렇지못한사람보다스트레스사건들의부정적인영향에잘대처하는경향이있다(Cohen & Willis, 1985)', '은자기가치와자기비판에초점을두고자신을책망하고비판하기때문에무가치감과절망감을느끼는자기-비판적우울을경험한다고보았다(Blatt, 1995; Frost et al., 1990). Adkins와Parker(1996)는성취를하고자분투하는적극적인완벽주의는자살생각과거의관련이없지만, 실수를두려워하는수동적인완벽주의는부정적인기분에더민감하게반응하게하여스트레스에더취약하고, 우울, 절망감등의심리적고통을더느낄수있도록하기때문에(Frost et al., 1995), 자살생각의위험요인이라고하였다. 최근국내연구에서도부적응적완벽주의가우울을통해간접적으로자살생각에영향을미치는것으로나타났다(여환홍, 백용매, 2010)', '웃은만성적이고복합적인증상으로써개별적인하나의스트레스사건과는차이가있고(류진아외,\x002021),\x00번아웃된된개인은더이상감당할수없다는느낌과정신･신체･정서적탈진상태의결합으로인해만성적이고극심한어려움을경험한다(박수정외,\x002017).\x00번아웃을경험하는직장인은낮은직무효능감과만성적직무동기의결여를보이며이는자연스럽게직무수행능력이떨어지고극심한직업에대한불만족으로연결되며개인뿐아니라조직모두에부정적영향(박정윤,\x002021)을미친다.\x00이들은실제로현재상황에대한중도하차혹은퇴사를하지않더라도이를심각하게고민하며지금여기의현실을살아가기보다는힘든현실을벗어나는미래를막연하게기대하며살아가게된다.\x00철학자니체는현대문명불안정의원인이자본주의체제에서두드러지게강조하는노동과활동의강조에있다고하였다.\x00효율성과생산성이라는가치에매몰되어일하는동물이되어버린인간은그기대에부응하기위해과도한노동활동을하게된다고설명한다(한병철,\x002013).\x00가속화된삶의속도에서더높은노동능력과몸값을효율적으로관리하며평가받지만,\x00이를위해스스로를착취하며동시에스스로가피해자가되는소진을겪게된다(김정현,\x002013).\x00능력중심사회에서부지런한노동과활동으로더많은성취를이뤄낼수록더높은평가를받게되는한편,\x00그이면에는개인의일상과자신을구성하는다양한']","완벽주의는 번아웃에 부정적인 영향을 미칠 수 있습니다. 특히, '실수에 대한 염려'가 높은 부적응적 완벽주의는 스트레스 사건에 더 민감하게 반응하고, 이는 우울감과 같은 부정적인 감정을 유발할 수 있습니다. 이러한 감정은 결국 번아웃으로 이어질 가능성이 높습니다. 

완벽주의가 강한 사람들은 자신의 실수나 실패를 심각하게 받아들이고, 이로 인해 더 큰 압박감을 느끼게 됩니다. 이 과정에서 정신적, 신체적 에너지를 소모하게 되어 번아웃의 위험이 증가할 수 있습니다. 따라서, 완벽주의적인 경향이 있다면, 자신에게 조금 더 관대해지고, 실수를 통해 배우는 긍정적인 태도를 기르는 것이 도움이 될 수 있습니다. 

자신의 한계를 인정하고, 균형 잡힌 삶을 추구하는 것이 번아웃 예방에 중요한 요소가 될 수 있습니다.","완벽주의는 종종 높은 기대와 압박을 동반하여 스트레스를 증가시킬 수 있으며, 이는 번아웃의 위험 요소로 작용할 수 있습니다. 따라서 완벽주의적인 경향이 있는 사람들은 번아웃을 경험할 가능성이 높아질 수 있습니다.",0.6923076923076923,0.7748925774075608,0.7345238095115675,1.0
번아웃 회복을 위해 어떤 전략이 효과적인가요?,"['그러나번아웃을정책과제도수립으로완전히해결할수있다고기대하는것또한어렵다.번아웃에서벗어나기위한개인의노력은사회적분위기에편승해서도나타났다.\x00죽도록일하는인간으로써생산하고기능하는것이아니라시간과신체･정신에너지를균형있게분', '자기돌봄일상화에관한소고:\x00번아웃회복을중심으로\x00_913배하며삶에대한만족스러움을높이려는‘워라밸(work-life\x00balance)’의등장에환호했다.\x00이어서‘욜로(YOLO)’1)를외쳤으나욜로식소비와소모만으로는진정한삶의만족과가치를얻기어려울뿐더러그반동으로다시‘영끌(영혼까지끌어모아)’2)로미래를대비하는데현재를담보하며살아가기도한다.\x00이러한개인의고군분투가실제삶에반영되었는가를살펴보면여전히우리나라는OECD\x00국가중삶의만족도와행복감에서최하위3)를기록하고있다.\x00번아웃을극복해야한다고하는이유는단순히조직의생산성증가나잠재적사회적피해라는문제에국한되지않는다.\x00생존하기위해분투하며번아웃에이른상태를심각하게인식하고이를회복하기위한진지한성찰과방안마련은삶을회복하는것나아가나자신,\x00자기(self)를회복하고진정한자기로살아가는실존의문제이다.번아웃으로인한어려움이실체가있는현상으로써인정되어부정적인영향에대한공감대가형성된시점에서,\x00번아웃개념을정리하고개인을지원하기위한기초자료로써번아웃회복을위한방안모색의필요성은더욱증대된다.\x00특히선행연구가전문직과서비스업제공근로자를중심으로이루어진한계점(박수정외,\x002017)을드러내고있는바,\x00특정대상을넘어광의적의미로번아웃을이해하는것이필요하다.\x00따라서본연구에서는개인적차원에서번아웃을이해하고개인의일상과삶을', '. 면접은 질적 연구 경험이 풍부한 연구자 1과 연구자 2가 실시하였고, 약 1시간에서 1시간 30분에 걸쳐 진행되었다.  표 2 심층면접 질문영역 질문인적사항 및 개인적 특성성별/나이/상담경력/자격증자살예방과 자살위기개입의 어려운 점자살예방과 자살 위기개입과 관련하여 어떠한 경험이 있습니까?자살예방과 관련하여 경험한 어려운 점은 무엇입니까?자살 위험이 있는 내담자와의 개입에서 경험한 어려운 점은 무엇입니까?자살예방과 자살위기개입의 향후 발전 방향 자살 예방의 효과성을 높이기 위해 필요한 것은 무엇이라고 생각하십니까?자 살위 기 개입 의  효 과성 을  높 이기  위 해  필 요한  것 은  무 엇이 라 고 생각 하 십니 까?3', '. 이처럼 회복탄력성에 관한 연구는 활발히 진행되고 있지만, 회복탄력성이 대학 태권도 겨루기 선수들의 번아웃과 학습태도에 어떤 영향을 미치는지에 대한 연구는 미흡한 실정이다. 대학 태권도 선수에게 직접적인 영향을 줄 수 있는 회복탄력성과 번아웃 그리고 학습태도의 관계를 검증하는 것은 대학 태권도 선수들의 경기력과 원만한 대학 생활 중 신체적·정신적 위기 극복이라는 측면에서 큰 의미가 부여될 것으로 기대된다.따라서 본 연구는 학업과 운동을 동시에 수행해야 하는 대학 태권도 선수들의 회복탄력성이 번아웃과 학습태도에 어떤 영향이 있는지 규명하는 것에 연구의 목적이 있다. 본 연구에서는 대학 태권도선수들의 회복탄력성과 번아웃 및 학습태도의 관계를 규명하기 위해 다음과 같은 가설을 설정하였다.가설 1. 회복탄력성은 번아웃에 부(-)적 영향을 미칠 것이다.가설 2. 회복탄력성은 학습태도에 정(+)적 영향을 미칠 것이다.가설 3. 번아웃은 학습태도에 부(-)적 영향을 미칠 것이다.', '. “구체적인 위기개입에 대한 방향성이 필요하다. 자살위험이 있는 내담자가 상담소에 오면 정확히 일관적으로 어떻게 개입할 것인지? 만약에 내담자가 가족이나 친지가 없거나, 돈이 없어 병원으로 연계하기 힘들 때는 어떻게 개입할 것인지? 내담자가 주위 사람들에게 알리고 싶어 하지 않으면 어떻게 할 것인지? 경찰은 어떤 상황에 개입해야 하는지?”(사례 1, 41세)    3) 사회적 인식 이 영역은 자살예방과 개입의 효과성을 높이기 위해서는 사회적 인식이 달라져야 한다는 연구 참여자들의 제안과 관련된 내용으로 총 4개의 범주가 포함되었다. (1) 자살예방 교육의 의무화 연구 참여자들은 자살예방 교육의 의무화를 제안하면서 대학의 모든 구성원이 자살예방 교육에 참여해야 한다고 밝혔다', '룬 연구는 매우 부족하였다[53]. 하지만, 대학생활적응에 \n있어 긍정적인 요인을 촉진하는 것과 동시에 부정적 요\n인을 줄이는 부분도 매우 중요하다고 사료되기 때문에 \n본 연구는 부정적 변인인 스트레스를 포함하여 연구를 \n설계하였다. 즉, 개인 변인으로는 회복탄력성을, 사회·환\n경적 특성을 포함한 외부변인으로는 스트레스와 사회적\n지지를 선택하여 연구모형을 상정하였다. 따라서 본 연\n구는 대학생의 스트레스, 사회적지지, 회복탄력성이 대학\n생활적응을 예측하는지 규명하고, 사회적지지와 대학생\n활적응의 관계에서 스트레스의 매개역할을 분석하여 대\n학생활적응에 관한 이해의 폭을 넓히고 이를 높이기 위\n한 방안을 찾고자 한다. 이를 위한 구체적인 연구문제는 \n다음과 같다. \n연구문제 1. 대학생활적응에 스트레스, 회복탄력성, 사\n회적지지는 영향을 미치는가?\n연구문제 2. 사회적지지와 대학생활적응의 관계에서 \n스트레스는 매개역할을 하는가?']","번아웃 회복을 위해 몇 가지 전략을 고려해볼 수 있습니다. 개인의 노력과 사회적 분위기가 함께 작용하는 만큼, 다음과 같은 접근이 도움이 될 수 있습니다:

1. **자기 돌봄 실천**: 일상에서 자신을 돌보는 시간을 가지는 것이 중요합니다. 충분한 휴식과 취미 활동을 통해 신체적, 정신적 에너지를 회복하는 데 집중해보세요.

2. **워라밸(Work-Life Balance)**: 일과 삶의 균형을 맞추는 것이 번아웃 예방에 효과적입니다. 업무와 개인 생활의 경계를 명확히 하고, 자신에게 필요한 휴식 시간을 확보하세요.

3. **회복탄력성 강화**: 어려움을 겪을 때 긍정적인 태도를 유지하고, 스트레스에 잘 대처할 수 있는 능력을 키우는 것이 중요합니다. 이를 위해 명상이나 심호흡 같은 이완 기법을 활용해보세요.

4. **사회적 지원**: 친구나 가족과의 소통을 통해 정서적 지지를 받는 것이 도움이 됩니다. 주변 사람들과의 관계를 강화하고, 필요할 때 도움을 요청하는 것을 두려워하지 마세요.

5. **전문가 상담**: 번아웃이 심각하게 느껴진다면 전문가와 상담하는 것도 좋은 방법입니다. 전문가는 개인의 상황에 맞는 구체적인 조언과 지원을 제공할 수 있습니다.

이러한 전략들을 통해 번아웃에서 회복하고, 보다 만족스러운 삶을 살아갈 수 있기를 바랍니다.","회복탄력성을 높이기 위해 사회적 지지 체계를 고려한 다양한 프로그램 개발이 필요합니다. 가족, 교수 멘토링, 친구의 지지 등을 활용하여 맞춤형 프로그램을 적용하면 더욱 효과적일 것입니다.",0.5555555555555556,0.0,0.49999999995,1.0
자기돌봄 방법에는 어떤 것들이 있을까요?,"['자기돌봄일상화에관한소고:\x00번아웃회복을중심으로\x00_919수적인자기를돌보는모든활동을포괄한다.\x00산소와수분을공급하고적절한수면과영양섭취를통해신체적생명을유지하듯자기돌봄이일상에서자연스럽고지속적으로이루어져야한다.\x00이러한자기돌봄을실천하기어려운여러이유중하나는주어진역할과과업에과도하여몰두하여있는그대로자신의존재를알아차리지못하기때문이다.\x00자기상실은번아웃의결과이면서자기돌봄을어렵게하는요인이된다.\x00자기돌봄이어려운\x00또다른이유는자기돌봄에대한잘못된인식에있다.\x00자기돌봄은이기적이거나시간낭비이거나중요한목적을방해하는무용한것이아니다.\x00인간은자기돌봄을통하여신체적･정신적･영적으로나자신을나자신답게,\x00존재가존재로서살아가도록한다.\x00자신을향한냉소와비난,\x00비수용과정서적단절이지속될때마치방임이나학대와같이극심한스트레스를받으며자신에대한인식과감각이무뎌지게된다.\x00누군가를돌보는행위자체에는그사람에대한관심과책임,\x00그의필요와욕구에대한친절과수용이포함된다.\x00따라서자기돌봄에서자기수용과자기친절은중요한핵심요인이다.\x00자기연민을구성하는요소를인간경험의보편성,\x00자기친절,\x00마음챙김의세가지로정리한Neff(2003a)는자기친절에대하여자신을비판하거나판단하지않고고통을회피하거나단절하지않고자신을온화하게돌보고친절과이해로대하는것으로설명하였다.\x00이는자신에대한부적절한연', '자기돌봄일상화에관한소고:\x00번아웃회복을중심으로\x00_917주어진다.\x00둘째는타인을조력하는역할에주어진의무와책임을성실하게수행하는것이자신을돌보는행위에우선하면서자기돌봄이지연되고어려움을겪게된다.\x00이에따라그중요성이강조되었고관련연구가다수진행되었다.이와같은특징은상담자에게국한되지않는다.\x00직업을막론하고돌봄의주체로서사람을대하며보호와양육에책임을지는양육자혹은보호자등에게서도공통으로나타나는것을확인할수있는데매일같이반복되는가족구성원에게돌봄을제공하는보호자들에게자기돌봄은우선순위에서밀리게된다.\x00그역할을하게되는고령의개인은자신을돌보는일련의활동이자녀나가족에게부담을주거나불필요하다고인식하고자기돌봄활동에대해서소홀하거나단순한활동에머무는경우가많다(김정은･최해경,\x002010).\x00또한자신을돌보는것보다역할･직업･진로･조직등에대한책임이우선하는것은오랜시간동안우리사회에서익숙한모습이기도하다.\x00우리나라는산업화과정에서성과중심의발전을우선시하여단기간에높은경제발전과성공을거둔반면,\x00과업과임무를완수하는데집중하면서개개인의내면욕구를알아차리고살피지못하여개인의스트레스와소진이라는부작용을안게되었다.\x00개인의주관적안녕을우선하지못하는문화적배경이자기돌봄을우선하지못하는데영향을미친것으로보았다(이은수･유미숙,\x002019).\x00피로와탈진,\x00무력감과무감각함등서서히침잠하는', '스피스병동에서환자를돌보는자원봉사자(이성경,\x002022),\x00물리치료사(장경화･김민재,\x002022)\x00등을대상으로한내용이주를이루고있다.\x00그러나팔정도와관련된마음챙김논문은찾아보기어렵고,\x00팔정도의올바른이해를기반한마음챙김프로그램이돌봄종사자자신의자기돌봄에어떠한영향을미치는지에대한연구는전무하다.본프로그램은돌봄종사자가현장에서현재경험하고있는몸과마음에서일어나는현상을관찰자입장에서,\x00집착또는편견없이있는그대로를볼수있는방법을제시한다.\x00따라서팔정도를기반으로한마음챙김프로그램이돌봄종사자들의자기돌봄에어떤기능을반영할수있는지규명할필요가있다고본다.\x00본연구는돌봄스트레스에따른무기력증의대처방법으로팔정도에기초한마음챙김프로그램을구성하고그구성요소인마음챙김과자아존중감,\x00스트레스감소가실제로돌봄종사자들의자기돌봄에어떤효과가있는지를입증하고자한다.\x00본프로그램은자신을보호하며동시에돌봄대상자를보호할방법의하나이며무기력증예방에중요한역할을할것으로기대된다.II.\x00팔정도의이론적배경1.\x00바른견해(正⾒)', '1848_\x00인문사회21,\x00제14권3호둘째,\x00사후검사에서는실험집단의참여자들에게마음챙김주의자각수준을향상하고,\x00스트레스를감소시키며,\x00자아존중감을높이는데팔정도마음챙김프로그램이효과가있다는것이검증되었다.\x00셋째,\x00팔정도마음챙김프로그램의교육을진행하지않은통제집단에서는사후검사에서유의미한결과가나타나지는않았다.\x00넷째,\x00연구참여자들은이번프로그램에서팔정도를통해선한마음과불선한마음이어떤것인지구체적인내용을알게되었으며,\x00불선한생각이나,\x00불편함을경험할때몸의자각도함께일어나그것이스트레스로이어질수있음을발견했다.\x00그리고무엇보다도마음챙김프로그램중자기돌봄의방법들이일상생활에서언제나쉽게자신을돌볼수있는행위와명상법이다양하다는것을알게되었다.\x00결과적으로,\x00스스로자신을돌볼수있는안전한방법등에대해자신을돌볼수있는자신감이프로그램실행전보다상승한것으로확인되었다.\x00자기돌봄은돌봄종사자인자신은물론자신이돌보고있는돌봄대상자에게도필요한것이다.\x00이에따라참가자들은자기돌봄의필요성과효과를체험하였다.\x00\x00본연구의결과를바탕으로해당연구의한계와후속연구를위한제언은다음과같다.첫째,\x00팔정도마음챙김프로그램은처음8주간에걸쳐교육을실시하는것으로기획하였으나참여자들간의시간조율이되지않아불가피하게4주간으로단축하였다.\x00물론4주의시간으로도효과를검증하기는하였으나후속연구에서는애', '. “구체적인 위기개입에 대한 방향성이 필요하다. 자살위험이 있는 내담자가 상담소에 오면 정확히 일관적으로 어떻게 개입할 것인지? 만약에 내담자가 가족이나 친지가 없거나, 돈이 없어 병원으로 연계하기 힘들 때는 어떻게 개입할 것인지? 내담자가 주위 사람들에게 알리고 싶어 하지 않으면 어떻게 할 것인지? 경찰은 어떤 상황에 개입해야 하는지?”(사례 1, 41세)    3) 사회적 인식 이 영역은 자살예방과 개입의 효과성을 높이기 위해서는 사회적 인식이 달라져야 한다는 연구 참여자들의 제안과 관련된 내용으로 총 4개의 범주가 포함되었다. (1) 자살예방 교육의 의무화 연구 참여자들은 자살예방 교육의 의무화를 제안하면서 대학의 모든 구성원이 자살예방 교육에 참여해야 한다고 밝혔다', '\x00팔정도에기초한마음챙김프로그램이자기돌봄에미치는효과:\x00돌봄종사자를중심으로\x00_1839따라서본연구는현재돌봄을하고있거나예전에행했었던사람들을대상으로돌봄종사자가돌봄스트레스에따른무기력증문제를해결하기위해,\x00새로운사고과정의전환방법으로써불교의실천수행인팔정도마음챙김프로그램을제안하고이마음챙김프로그램을통해자기자신의돌봄(능력)에어떤도움이되는지를탐구하고자한다.\x00선행연구의동향을살펴보면1970년대존카밧진은‘마음챙김에기반을둔스트레스완화’(MBSR:\x00mindfulness-based\x00stress\x00reduction)\x00프로그램을개발하였다.\x00이프로그램은불교명상을주류의학계에성공적으로도입시켰으며2000년이후미국의주요의료기관관련클리닉이200곳이상개설되어스트레스와관련된질병치료에널리사용되고있다(안양규,\x002011).\x00국내에서도마음챙김을기반으로한스트레스(정현갑외,\x002007),\x00자살예방(장경화,\x002022)프로그램등마음챙김에대한효과를입증하는논문이있다.\x00자기돌봄에대한논문으로는심리적건강과실무적응에어려움을겪는신규간호사(이지윤외,\x002015),\x00호스피스병동에서환자를돌보는자원봉사자(이성경,\x002022),\x00물리치료사(장경화･김민재,\x002022)\x00등을대상으로한내용이주를이루고있다.\x00그러나팔정도와관련된마음챙김논문은찾아보기어렵고,\x00팔정도']","자기돌봄은 신체적, 정신적, 영적으로 자신을 돌보는 다양한 활동을 포함합니다. 여기에는 다음과 같은 방법들이 있습니다:

1. **신체적 자기돌봄**:
   - 충분한 수면과 규칙적인 수면 습관 유지
   - 균형 잡힌 영양 섭취
   - 규칙적인 운동이나 신체 활동
   - 수분 섭취를 충분히 하기

2. **정신적 자기돌봄**:
   - 스트레스 관리 기법 연습 (예: 명상, 심호흡)
   - 긍정적인 자기 대화와 자기 친절 실천
   - 마음챙김 연습을 통해 현재 순간에 집중하기

3. **감정적 자기돌봄**:
   - 자신의 감정을 인식하고 수용하기
   - 필요할 때 감정을 표현하고, 신뢰할 수 있는 사람과 이야기하기
   - 자기 연민을 통해 자신을 따뜻하게 대하기

4. **사회적 자기돌봄**:
   - 친구나 가족과의 관계를 유지하고 소통하기
   - 지원이 필요할 때 도움 요청하기
   - 긍정적인 사회적 활동에 참여하기

자기돌봄은 이기적이지 않으며, 오히려 자신을 돌봄으로써 타인을 더 잘 돌볼 수 있는 기반이 됩니다. 이러한 방법들을 일상에서 자연스럽게 실천해보는 것이 중요합니다.","자기돌봄 방법은 개인의 정서적, 신체적 건강을 증진시키기 위한 다양한 활동을 포함합니다. 예를 들어, 규칙적인 운동, 충분한 수면, 건강한 식습관, 그리고 스트레스를 관리하는 방법들이 있습니다.",0.8333333333333334,0.8766009849657493,0.9166666666361111,0.5
회복탄력성을 높이기 위해 어떤 방법이 있을까요?,"['. 이처럼 회복탄력성에 관한 연구는 활발히 진행되고 있지만, 회복탄력성이 대학 태권도 겨루기 선수들의 번아웃과 학습태도에 어떤 영향을 미치는지에 대한 연구는 미흡한 실정이다. 대학 태권도 선수에게 직접적인 영향을 줄 수 있는 회복탄력성과 번아웃 그리고 학습태도의 관계를 검증하는 것은 대학 태권도 선수들의 경기력과 원만한 대학 생활 중 신체적·정신적 위기 극복이라는 측면에서 큰 의미가 부여될 것으로 기대된다.따라서 본 연구는 학업과 운동을 동시에 수행해야 하는 대학 태권도 선수들의 회복탄력성이 번아웃과 학습태도에 어떤 영향이 있는지 규명하는 것에 연구의 목적이 있다. 본 연구에서는 대학 태권도선수들의 회복탄력성과 번아웃 및 학습태도의 관계를 규명하기 위해 다음과 같은 가설을 설정하였다.가설 1. 회복탄력성은 번아웃에 부(-)적 영향을 미칠 것이다.가설 2. 회복탄력성은 학습태도에 정(+)적 영향을 미칠 것이다.가설 3. 번아웃은 학습태도에 부(-)적 영향을 미칠 것이다.', '. 그러기 위해서 회복탄력성을 높은 수준으로 만들기 위한 노력을 다각적인 측면으로 해야 할 것이며, 이러한 과정을 통해 태권도 겨루기 수행 능력의 향상뿐만 아니라 심리적 안정을 취해 기복 없는 실력 유지 및 향상, 나아', '회복탄력성은 사회관계의 역동적 상호작용의 과정이므\n로 다차원적 특성에 따른 다양한 프로그램 개발이 필요\n하다고 하였다[51]. 그러므로 회복탄력성을 높이기 위해 \n교과외 프로그램 개발시 사회적지지 체계(가족지지, 특\n별지지중 교수멘토링, 친구지지)에 따라 프로그램을 다\n르게 개발하여 적용한다면 좀 더 효과적일 것이다.  \n본 연구는 대학생활적응에 영향을 미치는 요인을 파\n악하기 위해 개인 변인(회복탄력성)과 사회·환경변인(스\n트레스, 사회적지지)을 사용하여 분석하였고, 회복탄력성\n과 스트레스가 대학생활적응에 영향을 미치는 요인임을 \n확인할 수 있었다. 또한 사회적지지와 대학생활적응간의 \n관계에서 스트레스가 매개 역할을 하는 것으로 확인 되\n었다. 이를 통해 대학생활적응을 높이기 위한 방안을 마\n련하였다는 점에 연구의 의의가 있다. \n이러한 결론 및 논의를 토대로 연구의 한계점과 추가\n적인 방법론의 제언은 다음과 같다. 첫째, 본 연구는 부산 \n지역의 교직 과목을 수강하는 대학교 1,2학년을 대상으\n로 이루어져 연구의 대상이 제한적이었다. 그러므로 후\n속 연구에서는 연구대상을 확대하여 지속적으로 대학생\n활적응 예측변인을 찾을 필요가 있다.', '노력이 필요하다.\n학교차원에서는 감정 조절 능력 배양을 위한 교육 프\n로그램이나 인성중심의 교육프로그램, 감사나 긍정성을 \n주제로한 프로그램[1]이 개발된다면 회복탄력성 강화에 \n도움이 될 것이다[50]. 이처럼 교과외 프로그램을 개발하\n여 적극적으로 실행하는 노력이 필요하다[17]. 즉, 대학교 \n1학년부터 인성함양 프로그램이나 성격유형 검사에 참여\n하도록 하여 스스로의 성향을 파악한다면 회복탄력성 증\n진에 도움이 될 것이다.  \n회복탄력성 프로그램 개발과 관련하여 선행연구를 살\n펴보면, 박기령,신동윤[51]이 20년치의 회복탄력성 증진 \n집단 프로그램 내용분석을 실시한 결과, 상담이론이 가\n장 많이 활용되었고 그다음은 멘토링, 보호요소였다. 프\n로그램은 도입(자기소개, 관계형성활동, 목표설정활동), \n본활동(관계 다루기, 자기이해, 정서다루기, 긍정에 초점 \n맞추기, 인지 다루기, 학습 다루기), 마무리(피드백 및 다\n짐하기, 소감나누기)로 구성된다. 이러한 내용을 토대로 \n회복탄력성은 사회관계의 역동적 상호작용의 과정이므\n로 다차원적 특성에 따른 다양한 프로그램 개발이 필요\n하다고 하였다[51]. 그러므로 회복탄력성을 높이기 위해', '룬 연구는 매우 부족하였다[53]. 하지만, 대학생활적응에 \n있어 긍정적인 요인을 촉진하는 것과 동시에 부정적 요\n인을 줄이는 부분도 매우 중요하다고 사료되기 때문에 \n본 연구는 부정적 변인인 스트레스를 포함하여 연구를 \n설계하였다. 즉, 개인 변인으로는 회복탄력성을, 사회·환\n경적 특성을 포함한 외부변인으로는 스트레스와 사회적\n지지를 선택하여 연구모형을 상정하였다. 따라서 본 연\n구는 대학생의 스트레스, 사회적지지, 회복탄력성이 대학\n생활적응을 예측하는지 규명하고, 사회적지지와 대학생\n활적응의 관계에서 스트레스의 매개역할을 분석하여 대\n학생활적응에 관한 이해의 폭을 넓히고 이를 높이기 위\n한 방안을 찾고자 한다. 이를 위한 구체적인 연구문제는 \n다음과 같다. \n연구문제 1. 대학생활적응에 스트레스, 회복탄력성, 사\n회적지지는 영향을 미치는가?\n연구문제 2. 사회적지지와 대학생활적응의 관계에서 \n스트레스는 매개역할을 하는가?', '잠재적인 능력으로 환경과 유연하게 적응하고 성장할 수 \n있도록 돕고 감정을 조절하는 내적인 힘이다[17]. 회복탄\n력성이 높을수록 스스로의 실수를 두려워하지 않고 도전\n하며 새로움을 추구한다[18]. 이러한 능력은 변화하는 환\n경에 적응 할 수 있도록 하는 총체적인 능력이다[19]. 즉, \n회복탄력성은 감정통제력, 충동통제력, 긍정성, 관계성 \n등을 나타내는 개념이며 대학생활 적응에 매우 중요한 \n요인이다[20].\n이처럼 대학생의 스트레스[3,21-23], 사회적지지[12,15,16], \n회복탄력성[1,24]변인은 대학생활 적응에 영향을 주는 중\n요한 요인이다. 그동안 대학생활적응과 관련한 연구는 \n주로 개인 변인에 초점을 맞춘 연구들이 주로 이루어져 \n사회·환경적 특성을 포함한 인과관계 분석은 미흡한 편\n이었다[18,25]. 또한, 선행연구들은 주로 긍정적인 변인\n(자아존중감, 애착, 자기효능감, 사회적지지, 완벽주의, \n영성)들을 다룬 연구들이 많았고, 부정적인 변인들을 다\n룬 연구는 매우 부족하였다[53]. 하지만, 대학생활적응에 \n있어 긍정적인 요인을 촉진하는 것과 동시에 부정적 요\n인을 줄이는 부분도 매우 중요하다고 사료되기 때문에', '력성을 다룬 연구는 매우 적으며[17], 대학생활적응의 어\n려움을 극복하기 위해서는 긍정적이고 능동적인 조절능력\n으로서 회복탄력성이 필요하다[24].\n회복탄력성과 대학생활적응에 관한 선행 연구를 살펴\n보면, 회복탄력성이 높을수록 대학생활적응의 수준이 높\n은 것으로 나타났다[1,17,24]. 이러한 회복탄력성을 높이\n기 위해서는 긍정성을 강조하였고, 긍정적 행동이 확대\n되기 위한 습관이 필요하고[1], 교과외 프로그램을 개발\n하여 보급하는 노력이 필요하다[17]. 즉, 긍정의 뇌로 변\n화시키고, 행복의 기준을 높이며, 스스로의 강점을 발견\n해야 한다[24]. \n3. 연구방법\n3.1 연구대상 및 절차\n부산에 위치한 D대학교 교직과목을 수강하는 1,2학년 \n145명을 대상으로 설문을 실시하였다. 최종적으로, 불성\n실한 응답 15부를 제외하고 130부를 분석에 사용하였다.\n3.2 연구도구\n3.2.1 대학생활스트레스\n전겸구, 김교헌, 이준석[29]의 대학생용 생활스트레스 \n검사를 수정하여 사용하였다. 검사도구는 총 5가지(경제\n스트레스, 장래스트레스, 가치관 스트레스, 학업스트레\n스, 대인관계스트레스) 영역, 67문항으로 구분되어있다.', '. 최근 회복탄력성과 관련해 태권도 분야에서도 그 중요성을 인식하여 그릿, 성취목표성향, 스트레스, 심리기술 요인, 심리적 안녕감, 인지된 경기력 등의 관계를 파악한 연구들이 진행되고 있다(양진영, 이상인, 이진환, 2019; 오상훈, 2020; 윤성찬, 김희정, 서대원, 2020). 송은일과 이종호(2018)는 태권도선수의 회복탄력성은 운동지속의도에 영향을 미치고 회복탄력성이 높을수록 다양한 도전과제를 유연하게 대처할 수 있으며, 오상훈(2020)은 회복탄력성의 향상이 스트레스에 대한 저항뿐만 아니라 스트레스 감소 효과를 불러일으킨다고 제시하고 있다. 특히, 이근철(2016)은 스포츠 현장에서 선수들이 경험할 수 있는 부정적 요인으로부터 효과적으로 대처해 낼 개인의 역량과 자원이 충분하지 못하고, 과도한 훈련과 심신 고갈로 일어난 탈진 현상이 점차 축적되어 번아웃으로 연결된다고 하였다.대학 태권도 선수들에게 동료, 지도자, 심리, 신체 등 다양한 방법으로 발']","회복탄력성을 높이기 위한 방법은 여러 가지가 있습니다. 다음은 몇 가지 제안입니다:

1. **사회적 지지 체계 구축**: 가족, 친구, 교수 등 주변 사람들과의 관계를 강화하는 것이 중요합니다. 이들과의 소통을 통해 정서적 지지를 받을 수 있습니다.

2. **감정 조절 능력 배양**: 감정을 효과적으로 관리하는 방법을 배우는 것이 도움이 됩니다. 이를 위해 감정 조절 교육 프로그램이나 인성 중심의 교육 프로그램에 참여해 보세요.

3. **긍정적인 사고 습관 기르기**: 긍정적인 사고를 강조하고, 감사하는 마음을 가지는 연습을 통해 회복탄력성을 높일 수 있습니다. 일상에서 긍정적인 경험을 찾아보는 것도 좋습니다.

4. **자기 이해와 목표 설정**: 자신의 성향을 파악하고, 이를 바탕으로 현실적인 목표를 설정하는 것이 중요합니다. 목표를 달성하는 과정에서 자신감을 키울 수 있습니다.

5. **교과외 프로그램 참여**: 다양한 프로그램에 참여하여 새로운 경험을 쌓고, 사회적 관계를 넓히는 것도 회복탄력성을 높이는 데 도움이 됩니다.

이러한 방법들을 통해 회복탄력성을 증진시키고, 스트레스에 대한 저항력을 높일 수 있습니다. 자신에게 맞는 방법을 찾아 실천해 보세요!",마음챙김 프로그램은 돌봄 종사자들이 스트레스를 완화하고 긍정적인 사고로 전환하는 데 도움을 줄 수 있습니다. 이 프로그램은 자기 돌봄을 촉진하고 균형 있는 삶의 방향을 형성하는 데 기여할 수 있습니다.,1.0,0.8039032309380417,0.0,0.0
수면이 정서 회복에 어떤 영향을 미치나요?,"['. 이처럼 회복탄력성에 관한 연구는 활발히 진행되고 있지만, 회복탄력성이 대학 태권도 겨루기 선수들의 번아웃과 학습태도에 어떤 영향을 미치는지에 대한 연구는 미흡한 실정이다. 대학 태권도 선수에게 직접적인 영향을 줄 수 있는 회복탄력성과 번아웃 그리고 학습태도의 관계를 검증하는 것은 대학 태권도 선수들의 경기력과 원만한 대학 생활 중 신체적·정신적 위기 극복이라는 측면에서 큰 의미가 부여될 것으로 기대된다.따라서 본 연구는 학업과 운동을 동시에 수행해야 하는 대학 태권도 선수들의 회복탄력성이 번아웃과 학습태도에 어떤 영향이 있는지 규명하는 것에 연구의 목적이 있다. 본 연구에서는 대학 태권도선수들의 회복탄력성과 번아웃 및 학습태도의 관계를 규명하기 위해 다음과 같은 가설을 설정하였다.가설 1. 회복탄력성은 번아웃에 부(-)적 영향을 미칠 것이다.가설 2. 회복탄력성은 학습태도에 정(+)적 영향을 미칠 것이다.가설 3. 번아웃은 학습태도에 부(-)적 영향을 미칠 것이다.', '수면-각성 주기가 지속되고 습관이 되면 수면장애로 이\n어질 가능성이 높다. 그 결과 다양한 정신장애를 유발하\n거나 악화시킬 수 있는 위험요인이 된다[4]. 선행연구[5]\n에서도 대학생들이 적절한 수면을 취하면 정서적 안녕, \n신체적 안녕, 활력 요인에서 더 나은 삶의 질을 경험할\n수 있지만, 적절한 수면을 취하지 못하면 삶의 질이 저하\n되는 것으로 보고하였다.\n최근 스마트폰 사용자 수가 급속도로 증가하여 2016\n년 3월을 기준으로 조사된 스마트폰 사용자 수는 6,000\n만 명에 이르고 있다[6]. 스마트폰 중독이란 스마트폰을\n과다하게 사용해 인터넷 사용에 따른 금단과 내성을 지\n니고 있으며, 이로 인해 일상생활에 장애가 유발되는 상\n태를 말한다[7]. 스마트폰 중독은 주의력결핍 과잉행동\n장애[8], 집중력과 기억력 장애[9]와 같은 인지기능 장애\n와 관련이 있는 것으로 나타났다. 또한 스마트폰 과다사\n용은 잠드는데 긴 시간이 걸림, 자주 깸, 이른 시간에 기', 'Journal of the Korea Academia-Industrial \ncooperation Society\nVol. 20, No. 4 pp. 112-120, 2019\nhttps://doi.org/10.5762/KAIS.2019.20.4.112\nISSN 1975-4701 / eISSN 2288-4688\n112\n대학생의 스마트폰 중독과 스트레스가 수면의 질에 미치는 영향\n김세희, 민지원, 박부경*\n경북대학교 간호대학 간호학과\nThe Effect of smartphone addiction and stress on sleep quality among \nuniversity students\nSe Hee Kim, Ji Won Min, Bu Kyung Park*\nCollege of Nursing, Kyungpook National University\n요  약  수면은 건강상태에 큰 영향을 미치는 것으로, 특히 대학생의 수면의 질은 정서적, 신체적 안녕 등 삶의 질 향상을', '고민을 하고 같은 생각을 하는 비슷한 또래의 지지체계가 스트레스와 불안을 감소시키는 요인으\n로 동질감이 형성되기 때문으로 사료된다 종교가 없는 대상자가 불안 점수가 높게 나타났는데 이\n는 종교생활을 하면서 다양한 사람들과 접촉할 수 있는 기회와 정신적인 지지체계가 형성되어 있\n기 때문으로 사료되며 수면시간에서는 시간 이하로 수면을 취하는 대상자가 지각된 스트레스 점\n수가 높게 나타났는데 이는 강승걸 외 의 연구와 마찬가지 결과로 수면은 휴식과 활동의 생\n체리듬을 배경으로 수면은 정신건강문제 뿐 아니라 육체적인 건강문제에도 영향을 미치는 요인임\n을 알 수 있다\n지각된 스트레스의 평균 점수는 점 불안의 평균점수는 점 회복탄력성의 평균\n점수는 점으로 나타났다 지각된 스트레스와 불안을 측정하기 위해서 같은 도구를 사용한 \n이윤경과 김현리 의 연구결과에서는 지각된 스트레스 평균점수는 점 불안 평균점수\n는 점으로 본 연구결과의 지각된 스트레스 평균점수 점 보다는 높았으며 불안', '여성, 18(2), 317-337.\n김은혜, 박인영, 김혜영(2016). 블랙컨슈머의 고객불량행동이 호텔종사원의 직무소진과 \n고객지향성에 미치는 영향 연구. 관광경영연구, 71, 43-67.\n김이영, 박순미, 배성우(2011). 사회복귀시설 종사자들의 소진에 영향을 미치는 변인의 \n탐색. 정신보건과 사회사업, 37, 117-144.\n김일성, 송계충(2012). 직무스트레스 요인과 감정노동의 직무만족과의 관계에서 직무소진의 \n매개 효과 및 사회적 지원의 조절 효과 연구. 인적자원개발연구, 15(2), 1-36.\n김정인(2014). 남을 것인가? 떠날 것인가?: 직무동기와 직무소진이 이직의도에 미치는 \n영향 연구. 행정논총, 52(2), 258-287.\n김정희, 최미경(2013). 보육교사의 개인변인, 정서노동, 직무소진의 관계. 생태유아교육연\n구, 12(2), 51-68.\n김진주, 노재훈, 원종욱, 이신영, 장세진(2010). 작업치료사의 직무 스트레스와 소진. 대한직\n업환경의학회지, 22(3), 173-182.\n김태성, 허찬영(2012). 감정노동이 감정소진과 직무만족에 미치는 영향. 대한경영학회지, \n25(9), 3761-3780.', '게되어동기와흥미가감소하게된다[6].대학생들의24.5%는지난일주일에최소하루이상피로를느끼며[7],간호대학생의경우실습스트레스,수면의질이피로에영향을미치는것으로나타나고있다[8].수면은정상적인신체기능유지와학습및기억과정에중요한역할을한다[9].수면이부족할수록주의력과기억력이저하되어[10],학습에부정적인영향을미치게된다.충분한수면이란잠에서일어났을때더이상졸리지않고,깨어있는동안저절로잠에빠지지않는정도로잠을잔경우로[9],우리나라대학생들의72.5%는적정수면을취하지못하고있는것으로나타나고있다[11].대학생이되면서스스로시간표를설정하고,여러학내', '. 이와 관련하여 이양주(2018)는 선수들의 스트레스, 불안감, 번아웃 등을 감소시키는데 회복탄력성이 촉매역할을 한다고 하였고, 곽동훈(2021)은 회복탄력성의 하위요인인 관계성, 통제성, 긍정성은 번아웃의 하위요인인 심신고갈, 지도자불화, 성취 및 동기감저하, 동료불화에 모두 부(-)적인 영향을 미쳤다고 하였으며, 전현수, 이근철, 권성호(2013)는 엘리트 선수들의 회복탄력성과 번아웃 간에 부(-)적 관계가 있다고 보고하여 본 연구결과와 일치한다.즉, 대학 태권도 선수들이 자신에게 어떤 문제나 어려운 일이 생겼을 때 해결방안을 생각할 수 있고, 해결해보려고 노력하는 통제성, 문제나 사건이 발생했음에도 불구하고 낙관적으로 바라볼 수 있는 관점을 확대하고, 해결해낼 수 있다고 믿는 긍정성, 대인관계에서 타인의 감정과 생각을 알고자 노력하며, 원활한 의사소통을 이루려는 관계성의 회복탄력성이 높을수록 동료 및 지도자와의 불화, 성취감 결여, 신체, 정서적 고갈의 번아웃을 감소시킨다는', '25, no. 2, p.183-193, 2013.\nDOI: https://doi.org/10.7475/kjan.2013.25.2.183\n[15] Lim S. W, Kim Leen. “Stress and sleep”. Korean \nJournal of Stress Research, vol. 12, no. 4, p.1-8. 2004.\n[16] Lee Y. H, Lee K. J. “The effects of stress, rumination, \ndysfunctional beliefs and boundary on university \nstudents sleep quality”. Korean Journal of Health \nPsychology, vol. 18, no. 1, p.121-142. 2013.\nDOI: http://doi.org/10.17315/kjhp.2013.18.1.008']","수면은 정서 회복에 매우 중요한 역할을 합니다. 적절한 수면을 취하면 정서적 안녕과 신체적 안녕이 향상되어 삶의 질이 높아질 수 있습니다. 반면, 수면이 부족하면 스트레스와 불안이 증가하고, 이는 정서적 회복에 부정적인 영향을 미칠 수 있습니다. 충분한 수면은 주의력과 기억력 유지에도 도움을 주어 학습과 일상생활에서 긍정적인 효과를 가져올 수 있습니다. 따라서, 건강한 수면 습관을 유지하는 것이 정서 회복에 도움이 될 것입니다.",수면이 충분하지 않다고 느끼는 경우 피로가 유의하게 높아지는 경향이 있습니다. 이는 정서 회복에 부정적인 영향을 미칠 수 있음을 시사합니다.,1.0,0.7815598637582748,0.6458333333171874,1.0
